fastq Crits-Christoph,GISAID accession,SHA512,Sample title Crits-Christoph,Collection date Crits-Christoph,fastq NGDC,Run accession NGDC,Sample name NGDC,Sample title NGDC,Collection date NGDC
E100000803_L01_36.fq.gz,EPI_ISL_13052298,c7639636a29b48ce772c16e569cff8418f2d2950f3f17e4eac5e5428ed2b23690fcb0b24b95231dc1f51e6cb1b0572ec396efebcbe17f4160843d15f9a8a7961,Q61,2020-01-12,CRR710762.fq.gz,CRR710762,Env_0576,Q61,2020-01-12
E100000803_L01_40.fq.gz,EPI_ISL_13052299,92dc8c231a17b719d863436e512906a2977b1a6acf98d7ce38016ac4a38d4ef019baf512056e6cb714875632d7924be446602b66a2483a8710e9b3ed36b86e0d,Q64,2020-01-12,CRR710763.fq.gz,CRR710763,Env_0579,Q64,2020-01-12
E100000804_L01_16.fq.gz,EPI_ISL_13052300,af33c98642ec9e564cc05bca288dc80729b6b3f8b6458efce6727db3429b8d9e58c3b8fc8443d0264e71e1a9854fab2c565b252d214f048182dd9b549a4c4c92,Q68,2020-01-12,CRR710764.fq.gz,CRR710764,Env_0583,Q68,2020-01-12
E100000804_L01_17.fq.gz,EPI_ISL_13052301,530d980b82b3b2e5130c7beb36b83ada13534a21c05bfb089e6ca3841bf8c3cbee230363c237dbb32597f0c8a30a302b69f2ddc4b12ecf513b1c3ab0b5d78503,Q69,2020-01-12,CRR710765.fq.gz,CRR710765,Env_0584,Q69,2020-01-12
E100000804_L01_20.fq.gz,EPI_ISL_13052302,69ef2d3345d3670f557ad9a32080cfe589ab3242bb4fbdd79ee703e5298a542af5cd9ed6e6746e30085e2a2347566713e1d5e9a408c3ea28e54b2d5ce86f036e,Q70,2020-01-12,CRR710766.fq.gz,CRR710766,Env_0585,Q70,2020-01-12
E100001221_L01_28_1.fq.gz,EPI_ISL_13052303,8d260dfffc0ccbf53fb4a988115fba248d4253d1ce45d2fac82b3fb348c5021e6e11cdca629e4e90cb018de8a29b8286c402f042a17c12697d9cca0b3694bf8d,1-29-8,2020-01-29,CRR710770_f1.fq.gz,CRR710770,Env_0686,1-29-8,2020-01-29
E100001221_L01_28_2.fq.gz,EPI_ISL_13052303,1a02746995e508d345630174e8fc41312d8b35af52c0bd912d651bd1a7951680c7c7c45808887d65e09284b6c795359008d75ae91638ca0b146ecb0a989d4373,1-29-8,2020-01-29,CRR710770_r2.fq.gz,CRR710770,Env_0686,1-29-8,2020-01-29
E100001233_L01_1.fq.gz,EPI_ISL_13052309,ea0b7f3415eebd53cc280a1a997bd3cf6fa6e09b72f81412f463bb439477e290df6207175222c6bef0be496c72f4d7045fc936e612d8d053a65495e3c1edce8e,W-8-25-D1,2020-02-15,CRR710786.fq.gz,CRR710786,Env_0806,W-8-25-D1,2020-02-15
E100001233_L01_10.fq.gz,EPI_ISL_13052315,5b6ceb0f545d9e564c3a64d3f95d655cdcde0b7237940f4e9e39ba2effc024d7f90ebdb44ba41c24964a7bf02905039e560ac3de24e2de79663911a06fcacdff,WWS-1#,2020-02-15,CRR710798.fq.gz,CRR710798,Env_0816,WWS-1#,2020-02-15
E100001233_L01_12.fq.gz,EPI_ISL_13052310,9bde9c06cb1f1b06ef052e6f764f0b10bf0892bb87f28e63a74863bdd22aaade5806189386d394500e08ff50368b2844fe19f642871d187b66673dc59027f0b3,W-8-25-D2,2020-02-15,CRR711156.fq.gz,CRR711156,Env_0807,W-8-25-D2,2020-02-15
E100001233_L01_15.fq.gz,EPI_ISL_13052311,6dab2c272774103593b15b829f27d55ee450d2b2b4025ef5136688300d9f22806c8c24c0f74830a64714922b7afa39218e66665986e8fe6e48344911363a9cfe,W-8-25-L,2020-02-15,CRR710790.fq.gz,CRR710790,Env_0808,W-8-25-L,2020-02-15
E100001233_L01_16.fq.gz,EPI_ISL_13052312,5a0d828873489325f12d6768d6abb123d663e39510a6f37db6d96922e106c41b75ff1eac4c2c4ede806425f63a51f1085c1c461f0b4dc43531e850be823d31e5,W-8-25-L2,2020-02-15,CRR711157.fq.gz,CRR711157,Env_0809,W-8-25-L2,2020-02-15
E100001233_L01_17.fq.gz,EPI_ISL_13052313,b76d9255319804543af4a57ee81e4cd332164e86238f34128e6999eda67a75ec5ca3076869b43addb4f4a3206b122ee1e24d426c54e4a97d51b640c655364ff9,EWS-2#-2,2020-02-15,CRR710794.fq.gz,CRR710794,Env_0813,EWS-2#-2,2020-02-15
E100001233_L01_20.fq.gz,EPI_ISL_13052314,5a6df33046df5189878ab3db4f555b1cdd03da13f2c1cfda4b034c1fe364c6936004a2859ea4c10fd78c3fbaa5c6b53b9323446a050814957fce73b93c8c002c,EWS-3#-2,2020-02-15,CRR711158.fq.gz,CRR711158,Env_0815,EWS-3#-2,2020-02-15
E100001233_L01_26.fq.gz,EPI_ISL_13052318,191b20fc94e4066c778f2d19f91bb6e0dc0681a58277d357538acfdc7274b7f54aae06b47f3d0393c71a77c38d6211755e7070e2fa09acfc872b43dd23791368,WWS-2#-3,2020-02-15,CRR710804.fq.gz,CRR710804,Env_0821,WWS-2#-3,2020-02-15
E100001233_L01_30.fq.gz,EPI_ISL_13052320,2792da346909015ac263456fdf8b470b3b9448057d2d79a7a266568b0d9bff1fc15723977933bb744b56973d4696ad00053ba54f8164d5f5b32f1c9ba6b9d845,w-zong-1,2020-02-15,CRR710808.fq.gz,CRR710808,Env_0829,w-zong-1,2020-02-15
E100001233_L01_31.fq.gz,EPI_ISL_13052316,f229fa5d4f22e22681b37a01b818e8c97c31bc98a631ba7aeb495e3b4dab50426ab6ecea492c930f29e93530d2be5587a30412c4d947472b4dc1cc04c74897c4,WWS-1#-2,2020-02-15,CRR711159.fq.gz,CRR711159,Env_0817,WWS-1#-2,2020-02-15
E100001233_L01_32.fq.gz,EPI_ISL_13052321,0da4de2ca30e72bdf8fc1e55a3d74de529a522f63351ace2039f69ed6c85b71c5fb474707e733172ba585f9877cbc5671827226d9eab7f43b7420cdf643bfe5d,wws-1#-0,2020-02-15,CRR711161.fq.gz,CRR711161,Env_0830,wws-1#-0,2020-02-15
E100001233_L01_33.fq.gz,EPI_ISL_13052317,8b90d1703b854000eeac7d5f66f456964cbeb106891e4615c4d5844853f0365be790195e8cec45e0eaed1b3b597edd93196f84ad02211ab8ff264cabd53ae65f,WWS-1#-3,2020-02-15,CRR710803.fq.gz,CRR710803,Env_0818,WWS-1#-3,2020-02-15
E100001233_L01_36.fq.gz,EPI_ISL_13052319,845d886fbc83b691597f602fbf198dd24aa51a28cbff1c24578c7ef80bc1148b42ab4966443cf360deb9676072c23d1f3bd695b3941fe3c33cd1146259d4964f,w-6-29-33,2020-02-15,CRR711160.fq.gz,CRR711160,Env_0828,w-6-29-33,2020-02-15
E100001318_L01_10_1.fq.gz,EPI_ISL_13052308,7db7af6b82d1b9d85efc97e46f9de6318dd78beb7d066beb421396eb3b7f1706aaae524e5029285b4c0eca747abaad9f940df431b98526e6cecb786778143f67,CSSQ-1-3,2020-02-09,CRR710782_f1.fq.gz,CRR710782,Env_0790,CSSQ-1-3,2020-02-09
E100001318_L01_10_2.fq.gz,EPI_ISL_13052308,739d8f20b26fc2794ea70addbc1b5aed3c47a8b4911bb8d40624c3c4b8708bd21d19030f17f4f3ff2ffd046af360145f031e1989fc787684f99d209992a52721,CSSQ-1-3,2020-02-09,CRR710782_r2.fq.gz,CRR710782,Env_0790,CSSQ-1-3,2020-02-09
E100001335_L01_43_1.fq.gz,EPI_ISL_13052304,278206dbb8b6e047e6a58876da7e29db128e8ed9c3bed0efa41a7124aa5630fdaf3564d2b59548d76cf9fe9ebd61fa07f6e36de2884c5f71abef9abfb2872256,8-25-M1,2020-02-03,CRR710772_f1.fq.gz,CRR710772,Env_0719,8-25-M1,2020-02-03
E100001335_L01_43_2.fq.gz,EPI_ISL_13052304,f985c7e998b9b7d11ad3c407f17e9e89fa0dc96fae60031703f3db2fc421b2e6af116c50a4e07d0e02d1c12893ba2eb91f1ddedde82514b89e08b13e8cb47afb,8-25-M1,2020-02-03,CRR710772_r2.fq.gz,CRR710772,Env_0719,8-25-M1,2020-02-03
E100001425_L01_2_1.fq.gz,EPI_ISL_13052305,60c920cf3190c506b089ddc25535894ca09b1eeec847260c2250fd21456bc9f9446104a4941de30943cf681e221c1b0980ddb2a7de82fbbdbfc7fd978745b912,WS-1-1,2020-02-05,CRR710775_f1.fq.gz,CRR710775,Env_0742,WS-1-1,2020-02-05
E100001425_L01_2_2.fq.gz,EPI_ISL_13052305,b7b030ace2f672ab0bf8f07cdcd713ed4d63eec96f3decdbd641f74b9b7d2769070f9867795f2cdb1d8955ed8851db064c313cf2a4733e2923262b80bf12ecf5,WS-1-1,2020-02-05,CRR710775_r2.fq.gz,CRR710775,Env_0742,WS-1-1,2020-02-05
E100001425_L01_4_1.fq.gz,EPI_ISL_13052306,3147fd91ed9920ff62d241a87b31d79f43b69ce82365de2630974929850eaf496f641ff34a9445edacf717e5476d668b4258f39ca08199766be9612de8399582,WS-2-1,2020-02-05,CRR710778_f1.fq.gz,CRR710778,Env_0746,WS-2-1,2020-02-05
E100001425_L01_4_2.fq.gz,EPI_ISL_13052306,653196fe08af8cdbffe5d28e8d26c344dedc995327de2763d82810ab82e55dc2aba78f3a257d9037dadc9879c82f3c4b8ff8156f21eca2e94c9ddab2ccc6322d,WS-2-1,2020-02-05,CRR710778_r2.fq.gz,CRR710778,Env_0746,WS-2-1,2020-02-05
E100001425_L01_5_1.fq.gz,EPI_ISL_13052307,ac6e7617e2aee9c29180db52eebaf142a4a50365ed30be3640cc38dad6d2d6f403cb9e97616727ad052fa6ddf62f8ed1b3fe26aac704bde4572602ef026737c1,WS-2-3,2020-02-05,CRR710781_f1.fq.gz,CRR710781,Env_0748,WS-2-3,2020-02-05
E100001425_L01_5_2.fq.gz,EPI_ISL_13052307,4d4330ca828af02b3f3d82919d1fc308a6814e842f95a2fe4281c44a6008ac7410b708a3da41e077f752bc1bfdf0f76e83b75098e2a47b14f9567762974b7d83,WS-2-3,2020-02-05,CRR710781_r2.fq.gz,CRR710781,Env_0748,WS-2-3,2020-02-05
V300046953_L01_10_1.fq.gz,EPI_ISL_13052344,72726fe12deb41b48afd0778695fcbc6cbc6897a63a60b5facc423d21eff97bbf4943f0a65d755dc8ab49e90255fa50e07c0baa92fa30b786dd85f797d43ed96,F46,2020-01-01,CRR710900_f1.fq.gz,CRR710900,Env_0346,F46,2020-01-01
V300046953_L01_10_2.fq.gz,EPI_ISL_13052344,11c6be5adcc1ab9814f648b96cce31297414b4703b111d8f0f02ca46a5caa85c1ebe52687c5ec98412752f2dacd051481a369e036e4262703d2b3a978b26ce3b,F46,2020-01-01,CRR710900_r2.fq.gz,CRR710900,Env_0346,F46,2020-01-01
V300046953_L01_11_1.fq.gz,EPI_ISL_13052332,ab966136708ee181e096b933e2d8738cd8c3b408eed097fd9896e5f4cc6a63d1308e770455072a86651e7bb4c752ae868213f17fcf3aa7a2dbf6a0c82011cf56,A87,2020-01-01,CRR710852_f1.fq.gz,CRR710852,Env_0087,A87,2020-01-01
V300046953_L01_11_2.fq.gz,EPI_ISL_13052332,c53d6bc2cd89c6c03d79836985e28eebb86c4ce1cb566055115a7a7ccf4d979784fe0646294d73a506bacc7fe3614136e37a57b499ca16ca343c3b63d313b399,A87,2020-01-01,CRR710852_r2.fq.gz,CRR710852,Env_0087,A87,2020-01-01
V300046953_L01_12_1.fq.gz,EPI_ISL_13052333,bc20cb915084c36402688e02c443aaeeece063c3a6b47e85bc6d45f10c60a5f4fe20bd04b4e0052e49316873f837f11425739f024982cf5ec55bf9e1b7171657,A88,2020-01-01,CRR710856_f1.fq.gz,CRR710856,Env_0088,A88,2020-01-01
V300046953_L01_12_2.fq.gz,EPI_ISL_13052333,92a16a02d58cb65b47e1c2d8c4ca3e34202b737af9296552755a5b3e1c90c83eaa56f3b71f0795d5011987fed1c9b4c3669e2728dfafa32650eb4dbb9ea63b5a,A88,2020-01-01,CRR710856_r2.fq.gz,CRR710856,Env_0088,A88,2020-01-01
V300046953_L01_1_1.fq.gz,EPI_ISL_13052339,1101bdd89d0599d677450f22868379250b31a0df9c2bc02cffbe97c7f79a9d86d4b43c40cd8277bbc11f2a42bd85c99fa5c5676367ee93093285ce89400e441d,E48,2020-01-01,CRR710880_f1.fq.gz,CRR710880,Env_0262,E48,2020-01-01
V300046953_L01_1_2.fq.gz,EPI_ISL_13052339,44754de82d874f2386b955f7141b68fbebe9c8fa9c6678c9db3a9ea74b0795b31580af497610cfc28c3b3c902748af8f42d37ba11b04a92e34d82ae4ed45b7ed,E48,2020-01-01,CRR710880_r2.fq.gz,CRR710880,Env_0262,E48,2020-01-01
V300046953_L01_30_1.fq.gz,EPI_ISL_13052342,bc347c109f20ba4b84d0994e657577a0f37a407d24ef3ed9f532a7b2ade902fa130c4e922876dd2b5a4e2b69d700f7bc055edc74d2046e1db8e12e53502b6de9,F100,2020-01-01,CRR710892_f1.fq.gz,CRR710892,Env_0400,F100,2020-01-01
V300046953_L01_30_2.fq.gz,EPI_ISL_13052342,629b6e250ce59edd0de0a953594f288ca7c92e6484e13f9a0942a125bb82d1dcc57017dcbb4b1b4a181ac3e58ee9a1868ef452c7bd42c47211020f6f16878fc8,F100,2020-01-01,CRR710892_r2.fq.gz,CRR710892,Env_0400,F100,2020-01-01
V300046953_L01_32_1.fq.gz,EPI_ISL_13052337,94da931ff118e478586eb50538624c0f7f70617e9af9bbb0320c71006249941e5295a560bc1b2ce1d3ac11a0d96c3bf42b0becb8ba7e9c647b0b67df0fc79a63,B5,2020-01-01,CRR710872_f1.fq.gz,CRR710872,Env_0126,B5,2020-01-01
V300046953_L01_32_2.fq.gz,EPI_ISL_13052337,24961aac79c98d20aa45b17d5d19da102810632464bd3c4f4f1f4d8053caa341453741dbef58019f71d1b506bf7fd2a386c47ab60cad36e814f1ef23ccd25b65,B5,2020-01-01,CRR710872_r2.fq.gz,CRR710872,Env_0126,B5,2020-01-01
V300046953_L01_33_1.fq.gz,EPI_ISL_13052340,cef115e45193d2f754379f4ddf7898d34dd97fd5721f942fc0335a54fac3a9299e25c2721dd9e1a16b950eef173786cd00811cb7c2fb3d7f0ebf730b97416488,E61,2020-01-01,CRR710884_f1.fq.gz,CRR710884,Env_0275,E61,2020-01-01
V300046953_L01_33_2.fq.gz,EPI_ISL_13052340,a0fd08f72c3bf54b75cc9ac22ca4a30cb083f3ae0c3f7534b2609ff41c017d52b0d4f2402b3deae9a210500bd940ca7f4c2dbcb0497f726eb55a4c4ba5ba59f8,E61,2020-01-01,CRR710884_r2.fq.gz,CRR710884,Env_0275,E61,2020-01-01
V300046953_L01_4_1.fq.gz,EPI_ISL_13052334,e3fc03db8dc928592896941c30e001cc2e60ab8adab2a3bf7f8321c115918e255b699d0b180426758c62f2ce871fb896117d51c5184beb8a2d6ebc9437c2f9f4,A90,2020-01-01,CRR710860_f1.fq.gz,CRR710860,Env_0090,A90,2020-01-01
V300046953_L01_4_2.fq.gz,EPI_ISL_13052334,8e2e918c5e0c1c0180cda398bc6d34a58a5a0701d836764c0f37af4cd99dcc4e99313dd161e72b12a302e888af9abbcb1e9333518c085181c580ad1b187350fb,A90,2020-01-01,CRR710860_r2.fq.gz,CRR710860,Env_0090,A90,2020-01-01
V300046953_L01_5_1.fq.gz,EPI_ISL_13052322,f70fe1b88eaa1959f29f23a9daf597de8cb2e797873d42ead176e83612a3f2ba2af33deafe2a171ad832530400e2b01c14639831a372bff671e8fdb1672d7056,A101,2020-01-01,CRR710812_f1.fq.gz,CRR710812,Env_0101,A101,2020-01-01
V300046953_L01_5_2.fq.gz,EPI_ISL_13052322,009559b06ac7eab8653876ddf6155c90b520b77b3c52883213ff63618a0f0e87d589feed8e3bf1a767e088aee32c127e8ec339a966ea050b64f1c759d14aa2c3,A101,2020-01-01,CRR710812_r2.fq.gz,CRR710812,Env_0101,A101,2020-01-01
V300046953_L01_6_1.fq.gz,EPI_ISL_13052335,338074e9e1b72f22c7125e8ad951d830a875776ffa2d77b597000b50bee1edd5d7390531f543abe4b0b4e55ea267eaba701f333c17363343b847769c2004e937,A96,2020-01-01,CRR710864_f1.fq.gz,CRR710864,Env_0096,A96,2020-01-01
V300046953_L01_6_2.fq.gz,EPI_ISL_13052335,a4110cc1cc09f034e6cdea4cc1002f8cd201ed479868b0b2b32854d0b240a3a5ed40d9b0194d8ec1fc9b05d4e5a1257747a34c8be8a20481bb71c96bf94b698a,A96,2020-01-01,CRR710864_r2.fq.gz,CRR710864,Env_0096,A96,2020-01-01
V300046953_L01_7_2.fq.gz,EPI_ISL_13052323,3db605d68273595db97249ec59e4623c1ce03bcfc12b29bda1b8b8daea2e78d23f87efb51f975384e8c9037178dd37f981dae3b73be67d68918fa2687e6c4669,A14,2020-01-01,CRR710816_r2.fq.gz,CRR710816,Env_0014,A14,2020-01-01
V300046953_L01_8_1.fq.gz,EPI_ISL_13052324,e7a4542f8082c8eb5d0c7f684b48a821f100be061e783a740e630b84d6a7b0118fabdb286558706d825655ae77c8790ed589de030d55e32503186ef5b5c9772a,A15,2020-01-01,CRR710820_f1.fq.gz,CRR710820,Env_0015,A15,2020-01-01
V300046953_L01_8_2.fq.gz,EPI_ISL_13052324,c0629e356f5b8983fa6de651228a974ee3e88825b6803815404fdbdc886f30baef8f7a7dafcf9b9997eb13dff53d6b9b3c654ddea71f496d2530b5ce102d9c59,A15,2020-01-01,CRR710820_r2.fq.gz,CRR710820,Env_0015,A15,2020-01-01
V300046953_L02_10_1.fq.gz,EPI_ISL_13052344,63d6b3102cdcaab63ab74305667b08873974f9a11ff17ed00b70ab68502afa23bf962a49bd0fbbc89f17dc7638fe177c013b6dddf784fc74e04559c803811c5b,F46,2020-01-01,CRR710901_f1.fq.gz,CRR710901,Env_0346,F46,2020-01-01
V300046953_L02_10_2.fq.gz,EPI_ISL_13052344,bebb909cb1d33964b313c8e4a1f1760ee5839cb31a1faf9a78362c457c4fd198ebbf3c42c28bf351289e14d5bf72d099cd2b19d2d17fbef0408dee5aaeca1db7,F46,2020-01-01,CRR710901_r2.fq.gz,CRR710901,Env_0346,F46,2020-01-01
V300046953_L02_11_1.fq.gz,EPI_ISL_13052332,438c16be33543951b004ba37955a1f9da55ade427d1d89cc18051a9c0fce9c688aeb02df5211d3b36e9e8291329ab5cf1a1ebf440712d7143374801656c4d72c,A87,2020-01-01,CRR710853_f1.fq.gz,CRR710853,Env_0087,A87,2020-01-01
V300046953_L02_11_2.fq.gz,EPI_ISL_13052332,f509a96bec08cddfe97205eeecf081aa9c947df729562d1dc9c630021a76bd701ec1487bdfe406e61397e77dc2902d14f650f5b40d9be0481d9efe5a275f1b6f,A87,2020-01-01,CRR710853_r2.fq.gz,CRR710853,Env_0087,A87,2020-01-01
V300046953_L02_12_1.fq.gz,EPI_ISL_13052333,d7eb2555ed7d0045a0a5080ba271630f6bf6465573d7af9ee5ed8bfa20b739e41a7af1c0d8c2441daf9fa61519eb3678782a9ce3cc08c41d78cb53c2140941a5,A88,2020-01-01,CRR710857_f1.fq.gz,CRR710857,Env_0088,A88,2020-01-01
V300046953_L02_12_2.fq.gz,EPI_ISL_13052333,2bbf48e1358b2c29208fad32fdb6371c9d5db667a6a2921ee9042ff8ccca2871eeab788130c8d59328ea0e3b05fb68ac69ac93935122d0ee68ff789fff8d11e3,A88,2020-01-01,CRR710857_r2.fq.gz,CRR710857,Env_0088,A88,2020-01-01
V300046953_L02_1_1.fq.gz,EPI_ISL_13052339,f98937c43d4ab569c796968489afebfe4e04cfe28c96ed6f41fef5dd86ad8166bd60efe2240be755f3db786d8b36295258654e71fa7be5e2f97ba82d0f623f0a,E48,2020-01-01,CRR710881_f1.fq.gz,CRR710881,Env_0262,E48,2020-01-01
V300046953_L02_1_2.fq.gz,EPI_ISL_13052339,a1d271229ce0ae9e4827335133c0637d778b661cc2f042a45edb742875767b05ef0397b68497649a50b471ba5b5ae9217458ac86ee1f3e76aa6d50238122e419,E48,2020-01-01,CRR710881_r2.fq.gz,CRR710881,Env_0262,E48,2020-01-01
V300046953_L02_30_1.fq.gz,EPI_ISL_13052342,4a2ace4a055815dfe480b6384b762c767d5af5a944e433e4fba9d5d1d0624e93b17aeee57d6042262546f042394c089484b1943f7fc400d41b12e085e9f8f6bc,F100,2020-01-01,CRR710893_f1.fq.gz,CRR710893,Env_0400,F100,2020-01-01
V300046953_L02_30_2.fq.gz,EPI_ISL_13052342,9f89d1c78d6ce12bf74a22bbbe0370e9276ae9360048a6c1a74e0e9d006eb8108adb178e8cf8c3853558c7f62a026c99260a82c726a7ccef1891df6b243e2cde,F100,2020-01-01,CRR710893_r2.fq.gz,CRR710893,Env_0400,F100,2020-01-01
V300046953_L02_32_1.fq.gz,EPI_ISL_13052337,5b558dd95bffa439bd8799aa372991b63502855976b92aa3c23a35321e548af4fc9af900d7d0d95a9580f130fd75f11694c2aebfe71a2f9163dffdb8cec25399,B5,2020-01-01,CRR710873_f1.fq.gz,CRR710873,Env_0126,B5,2020-01-01
V300046953_L02_32_2.fq.gz,EPI_ISL_13052337,1f62da55ec8ae73af68ec06c878cf3ae2e355194734458a02af3724de47c5a526a5eae502698c676d8ff6691723972e24c2c0cd3366636a49339be9585d9cd49,B5,2020-01-01,CRR710873_r2.fq.gz,CRR710873,Env_0126,B5,2020-01-01
V300046953_L02_33_1.fq.gz,EPI_ISL_13052340,2e1b62ba6cae13709f5de7b2f799334b6eff2e5575c7aba191977dda917615d855cf1f0aca97d52d23c9f8c5defe29b79c09c3d6beb9647ade6a752928c6fc0c,E61,2020-01-01,CRR710885_f1.fq.gz,CRR710885,Env_0275,E61,2020-01-01
V300046953_L02_33_2.fq.gz,EPI_ISL_13052340,83a94fdb44544878f0ae9f47a67be93bfbc7f6ec11f7c0e1a87f13918944c14d4d35f4e440c8fb9b05c39ab53b3f4e44548ecba21b9625164e3ae5815c692662,E61,2020-01-01,CRR710885_r2.fq.gz,CRR710885,Env_0275,E61,2020-01-01
V300046953_L02_4_1.fq.gz,EPI_ISL_13052334,7072599453b886da9c7bee06277830824c850844e75b881d89229d2d89f5ef1391f2de0d406957671a28656bd30e0f57b932e78e18b4dcf018916d6e16393e6e,A90,2020-01-01,CRR710861_f1.fq.gz,CRR710861,Env_0090,A90,2020-01-01
V300046953_L02_4_2.fq.gz,EPI_ISL_13052334,d3cef903feddaf1fa39ff0ca1801fe1ecffda4db8b45a03be00ffd7e6a7d95e60e301eca8a3d8f64779ed271c1f74025219266c53ce64ba669788485b81931c4,A90,2020-01-01,CRR710861_r2.fq.gz,CRR710861,Env_0090,A90,2020-01-01
V300046953_L02_5_1.fq.gz,EPI_ISL_13052322,875112530c1c5a6b70086ea112a4a4e2d001f4c1aea56b13a4ff8f77067491c097ed9926831ffe784d5619d6087f00b644581e223b8f4fe226c24ee4765b05ca,A101,2020-01-01,CRR710813_f1.fq.gz,CRR710813,Env_0101,A101,2020-01-01
V300046953_L02_5_2.fq.gz,EPI_ISL_13052322,66d956e0eb92e67c4bbde8269298dfa3672190cd288f504cda65c13619204c21334befa857ea531c9c3833a2e2eae21dff4621e5222c6e0ae161bb11c3f5c0ce,A101,2020-01-01,CRR710813_r2.fq.gz,CRR710813,Env_0101,A101,2020-01-01
V300046953_L02_6_1.fq.gz,EPI_ISL_13052335,570c10a158d1ee8686b43226a583cbb10a75ac73d45f48a04f02c9bc56cc955add4c9a08940c39d56985cf26022b627cd37a676536978cd79c4a6f73d47b3ab6,A96,2020-01-01,CRR710865_f1.fq.gz,CRR710865,Env_0096,A96,2020-01-01
V300046953_L02_6_2.fq.gz,EPI_ISL_13052335,c89cd1c213a241984408221575e41f1683719ab37f1baac5a7a1d44d1a3adeb7c7bd1d82822edfe07e0c1e28344d45e5d07418f1650015cecb59deccb037265b,A96,2020-01-01,CRR710865_r2.fq.gz,CRR710865,Env_0096,A96,2020-01-01
V300046953_L02_7_1.fq.gz,EPI_ISL_13052323,47149f78293b1d8e3df180932608209edd3807b2a3fa89e80b5bdb4f99c0f708169292ab13f31f40c06588428b7e31b7258cb2782bebeb10c091e77aef9a194f,A14,2020-01-01,CRR710817_f1.fq.gz,CRR710817,Env_0014,A14,2020-01-01
V300046953_L02_7_2.fq.gz,EPI_ISL_13052323,66d6ff9c2220da2396f529999be945ff50762b925217e50655771fe1ca13adc6f3f40a1db79d61e95a62e7ec9937c65dd629bdba9ce52c455a380a52df0f1627,A14,2020-01-01,CRR710817_r2.fq.gz,CRR710817,Env_0014,A14,2020-01-01
V300046953_L02_8_1.fq.gz,EPI_ISL_13052324,0e1b7cb74c44d690d950be9255b75315d19e1a0fa650da432e7123bcbf170366ca5520a49856dffd28eaee11386b345e75fa9a7140b93ce03a687b077f57d76e,A15,2020-01-01,CRR710821_f1.fq.gz,CRR710821,Env_0015,A15,2020-01-01
V300046953_L02_8_2.fq.gz,EPI_ISL_13052324,6ce11f464a57554ce2263f89075f7f3645a7479f7674704fd5aa604e430626c9bbb2deb09e8ee9599d3ec7908fc902768e621110a5070c87b8d5c824d894c200,A15,2020-01-01,CRR710821_r2.fq.gz,CRR710821,Env_0015,A15,2020-01-01
V300046953_L03_10_1.fq.gz,EPI_ISL_13052344,085a1bc4de4f6735afcd69452355780a853c7cf332c29f1f3f8223eb98eac89cc5a6022818fbfc59163583ba3ec8dcc90ffd32e2e42c6978558279e884747ed7,F46,2020-01-01,CRR710902_f1.fq.gz,CRR710902,Env_0346,F46,2020-01-01
V300046953_L03_10_2.fq.gz,EPI_ISL_13052344,9cfe8e852643e5801222aa017a28b52038ec252d8013eab2d110ff375bd52247296b12d033cdc517cc3f221a2265bf8fc2ebfec5c9879aec9737b3e8f520cdac,F46,2020-01-01,CRR710902_r2.fq.gz,CRR710902,Env_0346,F46,2020-01-01
V300046953_L03_11_1.fq.gz,EPI_ISL_13052332,316bbc810049d3c36479ea74bd6c732f78651bc37b0021bbcfbdfb02ef713b1b6d2746d84d9ae60375ef669b738dcaf9080a35c58f0c9c489094b30aaf3b8ec4,A87,2020-01-01,CRR710854_f1.fq.gz,CRR710854,Env_0087,A87,2020-01-01
V300046953_L03_11_2.fq.gz,EPI_ISL_13052332,6530e9ab61771673cb3c4a94a823227cf0f95b326cb280a313d1b7fcdd062e46c61ec9ea64585e913ca190be2d2a02964d7ea05dd9709a6f01601ac47b95c84c,A87,2020-01-01,CRR710854_r2.fq.gz,CRR710854,Env_0087,A87,2020-01-01
V300046953_L03_12_1.fq.gz,EPI_ISL_13052333,eda765eade94e036d3e4fd50961e0a93a07f6abd4a766975f0905711c89d0f8721f3c31ae991343237acbf9776c4a2644f55deebc49384c77a18df886c282e6f,A88,2020-01-01,CRR710858_f1.fq.gz,CRR710858,Env_0088,A88,2020-01-01
V300046953_L03_12_2.fq.gz,EPI_ISL_13052333,7f2c3c49cf8d37937b5bd44e11ccde10a94ad173717213fdb8d20660542e1ca6121ea7ac13c48eb3ba033255952c59ef9fe4cfc147dc4dc342e7fd501370e361,A88,2020-01-01,CRR710858_r2.fq.gz,CRR710858,Env_0088,A88,2020-01-01
V300046953_L03_1_1.fq.gz,EPI_ISL_13052339,06edfb1aae5247473571e119d76ac1530350dde2d0fb0b48af69f71a5aedf49fba10537b3fc84eae8b5f6d04ce6d0aa95717ed97c2a40b34b317e3a5d09ee809,E48,2020-01-01,CRR710882_f1.fq.gz,CRR710882,Env_0262,E48,2020-01-01
V300046953_L03_1_2.fq.gz,EPI_ISL_13052339,ff663e1c38e40865ff4d9eb3ec1deb425d8de6de48f119ea6c069cac71adab4a352cad301a45a88e06212c93c69ff6a099679922d2750abef060e0fa2bd9dd70,E48,2020-01-01,CRR710882_r2.fq.gz,CRR710882,Env_0262,E48,2020-01-01
V300046953_L03_30_1.fq.gz,EPI_ISL_13052342,c7b7b1ca97a1cb214bcdd4843eaba4abe00dd9eee94d89ea182bfd32097760474ecf0d76f8b4a5b706b56c27a6f0a60a86134091126b507fc09bdf35cababd58,F100,2020-01-01,CRR710894_f1.fq.gz,CRR710894,Env_0400,F100,2020-01-01
V300046953_L03_30_2.fq.gz,EPI_ISL_13052342,2fa3be337761ee53ff50bd3ffeaff1f3a9b21bfd9f55b85476c0064da5f28f68d189c51560cbd7ed4263e93d071fcc3e1909a613925da7e2af9982a142ed1bfc,F100,2020-01-01,CRR710894_r2.fq.gz,CRR710894,Env_0400,F100,2020-01-01
V300046953_L03_32_1.fq.gz,EPI_ISL_13052337,4697f5779f5d119973d123c13cef05f7a5b4fe01fa12ff132235b71b6856f9b0446faf01d8f5f395640afd5e2d21bb2b4472b1bcfa7d9ff5b0a63c7949e3bb1c,B5,2020-01-01,CRR710874_f1.fq.gz,CRR710874,Env_0126,B5,2020-01-01
V300046953_L03_32_2.fq.gz,EPI_ISL_13052337,703847917e43aca4f509ffc2673323cccd194ac978628093a7e140be2272927a7ccad73a5b49e94b6e803e14dbae8501a2d791d86c04850b6f1118fba7583307,B5,2020-01-01,CRR710874_r2.fq.gz,CRR710874,Env_0126,B5,2020-01-01
V300046953_L03_33_1.fq.gz,EPI_ISL_13052340,8f6ce5003d20d78eb339ecf16af316693979f8c81588b90b312237268fb478f9abf5a30e4696369aed6b9e0b065f628dcb9713f5b9a4ba0766e13c059464dfdb,E61,2020-01-01,CRR710886_f1.fq.gz,CRR710886,Env_0275,E61,2020-01-01
V300046953_L03_33_2.fq.gz,EPI_ISL_13052340,c96be7a531b143dfc447ac4724ba110765aef6f24c515391fdba7e17769876ff3b21cbf385c9c66a633c50579896119927d89d5a159ce934d598cbbd0d54e172,E61,2020-01-01,CRR710886_r2.fq.gz,CRR710886,Env_0275,E61,2020-01-01
V300046953_L03_4_1.fq.gz,EPI_ISL_13052334,cf8f2cde17858389b5ac31da27d9a89bd89eb9853304dec1dd78eae134bb95d4f786d939101f7f5b1dfbc7a01f6abdff2773b5cd0007d5072696b9a03d95636d,A90,2020-01-01,CRR710862_f1.fq.gz,CRR710862,Env_0090,A90,2020-01-01
V300046953_L03_4_2.fq.gz,EPI_ISL_13052334,05c3199682341d03c6d098bd854b81a1e59fe01117fa1581175343f674b50407df92d538b9d6bea3d05e079605f3faa0a9be7ac3369f1ada42a0a57bf85cd0d8,A90,2020-01-01,CRR710862_r2.fq.gz,CRR710862,Env_0090,A90,2020-01-01
V300046953_L03_5_1.fq.gz,EPI_ISL_13052322,ad5fd8c95e022ac6a1c43610389f82dfd20c8be4fe7399a846f7a9e8b9b8dd7d8640d81007cc909569ce56332c492e7943341c6cbcab06d4e669cc9251e4e5fd,A101,2020-01-01,CRR710814_f1.fq.gz,CRR710814,Env_0101,A101,2020-01-01
V300046953_L03_5_2.fq.gz,EPI_ISL_13052322,c25bb9ae7f70a75cf03a6eac798de9bbc8b929901e6ea01e3c40ab7ebd0b14d1531f4074a5b95dde03b5bc443e00f08628014e511431ef098ad9ddef344eb2ae,A101,2020-01-01,CRR710814_r2.fq.gz,CRR710814,Env_0101,A101,2020-01-01
V300046953_L03_6_1.fq.gz,EPI_ISL_13052335,255af492b0a88a326b3d7b1c48cd5e910adfbff44da8c3a77336a0fa8cdf7d7b3779c4815bb284680eb3b7b0d3726e5318a8ceeaf2c8532d126cd6a15225d3e2,A96,2020-01-01,CRR710866_f1.fq.gz,CRR710866,Env_0096,A96,2020-01-01
V300046953_L03_6_2.fq.gz,EPI_ISL_13052335,a2b215ecf1c449c1f08846578c8ab69a0127f88450632dbfcca36da6e34e7a974a98129bb813b04b950cc8369db99ea63b457d3616748690180d8af1c5fa0b29,A96,2020-01-01,CRR710866_r2.fq.gz,CRR710866,Env_0096,A96,2020-01-01
V300046953_L03_7_1.fq.gz,EPI_ISL_13052323,1f759d2034ac984fe99480d69a0abd7fffc906d585ab642558039e392548f3c289653e37f608d6099d50cc952018dbd0d43dbd062f38be9a20e823c9a72b338f,A14,2020-01-01,CRR710818_f1.fq.gz,CRR710818,Env_0014,A14,2020-01-01
V300046953_L03_7_2.fq.gz,EPI_ISL_13052323,5e8671d7b04559438bfc489d1c4f760a74ae3efbf30cacd3f271d392ff9b463fea97c6b669791db82e75e268ad7a2bd4e27e67ce1796fc900a83e561e1971722,A14,2020-01-01,CRR710818_r2.fq.gz,CRR710818,Env_0014,A14,2020-01-01
V300046953_L03_8_1.fq.gz,EPI_ISL_13052324,facd75f9bb6b943a472946906a1e768b5849596b8ffd6bedf197725b3f64fa18d43cbc96d62e31e8210876850b98f3ba2454246a405642312dffec4d0516d99a,A15,2020-01-01,CRR710822_f1.fq.gz,CRR710822,Env_0015,A15,2020-01-01
V300046953_L03_8_2.fq.gz,EPI_ISL_13052324,685b2d2fe699a54630957b0451a8fecb64c2e87b6d6dc8bf6b213503b7e9773dd5ca56e43e58638e0c45d221e91b163796034c70251ffd2a7d869c30bf081c7e,A15,2020-01-01,CRR710822_r2.fq.gz,CRR710822,Env_0015,A15,2020-01-01
V300046953_L04_10_1.fq.gz,EPI_ISL_13052344,975da5f05f44dad9908b093f50ae99d990d58aba9792e45f708f841cba1ac089efcc9388b380dc26655ad1cb954f0b893001b7395ec589d4678cbd3e7c5150c4,F46,2020-01-01,CRR710903_f1.fq.gz,CRR710903,Env_0346,F46,2020-01-01
V300046953_L04_10_2.fq.gz,EPI_ISL_13052344,28cacd0d6405f724449f7c08ec3c4c8bba2c41c01d07a57ab43b0c9cf6e304ce22fefc3d9c41c894718a3afa1a32ad184e281dc06b7cc6d7667b6b27e512e332,F46,2020-01-01,CRR710903_r2.fq.gz,CRR710903,Env_0346,F46,2020-01-01
V300046953_L04_11_1.fq.gz,EPI_ISL_13052332,3848d1847337c444bf51f6f2c6330f4e1aa16bc8c30de362056d3c5470ab539e115f6617b7574cff48ee0e82e0eb7c367403ad9972acdafaf88e7739c35d6226,A87,2020-01-01,CRR710855_f1.fq.gz,CRR710855,Env_0087,A87,2020-01-01
V300046953_L04_11_2.fq.gz,EPI_ISL_13052332,68a931152752e6debbc49a9e9b87e57c83f80a762195b8dd2a30eed319090072a27903fceb6f79a543c223e4f5aee0b8b2bdeb9b0a640ce7b7da2aeb097579a1,A87,2020-01-01,CRR710855_r2.fq.gz,CRR710855,Env_0087,A87,2020-01-01
V300046953_L04_12_1.fq.gz,EPI_ISL_13052333,41c486956bef5e21cd72600af46dca572a6d57a22502bdf1c9b5d33dee3a752d165fbe4f5a6801a64d78732ebc177f690288a9aa7290dfc106e217f01c39e7a3,A88,2020-01-01,CRR710859_f1.fq.gz,CRR710859,Env_0088,A88,2020-01-01
V300046953_L04_12_2.fq.gz,EPI_ISL_13052333,6578b2f3d76a7f4051a779f5c254d30ae3a22fd939c9b765eb094fd63a0d9173f8a6142a4881502d1315dc5f530840a405283e8eac419fe6f212b8f7564716ca,A88,2020-01-01,CRR710859_r2.fq.gz,CRR710859,Env_0088,A88,2020-01-01
V300046953_L04_1_1.fq.gz,EPI_ISL_13052339,52682cee1883f711e04dd79f186962812cd789f3fc90849fe1bfef79740fbc30121fb54ee4708dab9e4841c8fe59df18e73af0c10232859c582811b7a648ec48,E48,2020-01-01,CRR710883_f1.fq.gz,CRR710883,Env_0262,E48,2020-01-01
V300046953_L04_1_2.fq.gz,EPI_ISL_13052339,93d09b1735f0971c7db1018c5b192983c60a264e9723bf6801df4872aa641ea2d09998e159bee33c4bcdab34b2722aad4c999e6346dd842207d8466add7fdc76,E48,2020-01-01,CRR710883_r2.fq.gz,CRR710883,Env_0262,E48,2020-01-01
V300046953_L04_30_1.fq.gz,EPI_ISL_13052342,85c87323f4aa4863f3a68df4f61539e8aacbeb85d4a8ae6a7d2f7affa8cb264ab3b5e7b80519398ad7e5a07496974e5f1364f1560c386c1093e839e4eeabc5ff,F100,2020-01-01,CRR710895_f1.fq.gz,CRR710895,Env_0400,F100,2020-01-01
V300046953_L04_30_2.fq.gz,EPI_ISL_13052342,a76345ddf53ec98a0cfb0ffdbe8cd10a93b7da0f1ceafa24a17067e14eac1deb824c6ecc41967281ad9057abbf91dacadb84e946eb955c2b592fb28f7ebd4247,F100,2020-01-01,CRR710895_r2.fq.gz,CRR710895,Env_0400,F100,2020-01-01
V300046953_L04_32_1.fq.gz,EPI_ISL_13052337,9dfd2eaa096bd628c530fbb4edaa522091bc5c5faef8e7a00e6f1093a856da26b8ee829d90d1cd63b7b757a06bb66412ea84219eaea87fa2f93ad8047fe4bb95,B5,2020-01-01,CRR710875_f1.fq.gz,CRR710875,Env_0126,B5,2020-01-01
V300046953_L04_32_2.fq.gz,EPI_ISL_13052337,613f4b89aea3f8a6fd9b3f79982efe3e96a9eeb8d9cbb4319aa5361528e8aef0d4f6483f72a885c8582652451f8419aeea338dc7313b32c3d79d90d6c01b8599,B5,2020-01-01,CRR710875_r2.fq.gz,CRR710875,Env_0126,B5,2020-01-01
V300046953_L04_33_1.fq.gz,EPI_ISL_13052340,45e2643005779be45a55602d38ca09c6a2bcfe09865ade2fc0db116968193cb8f92c131787940d950b2918b657fa1ee2f4afcc5c1b30372488c39f757c1c5753,E61,2020-01-01,CRR710887_f1.fq.gz,CRR710887,Env_0275,E61,2020-01-01
V300046953_L04_33_2.fq.gz,EPI_ISL_13052340,8a7f88e21f4b1e5f778bf9ee85d88154ca4276a7664e8b0f97d48a2b24f331529d40b2104fe1e97c575e318f4e3ea1157b993b7c054ba5396d7f2a83fa48d4b4,E61,2020-01-01,CRR710887_r2.fq.gz,CRR710887,Env_0275,E61,2020-01-01
V300046953_L04_4_1.fq.gz,EPI_ISL_13052334,c86a81a5e3f02a163130e08a9f55ccd03e6662dd42907d8f5624082f8ee58d832d0957e57fe4e0c1f1e67e26989a2d0a016e1521231c428b9fb151ab7686ab23,A90,2020-01-01,CRR710863_f1.fq.gz,CRR710863,Env_0090,A90,2020-01-01
V300046953_L04_4_2.fq.gz,EPI_ISL_13052334,1878a64f1fe35b814ee06a1a57990131dcd23ffad0292f7f54bc39be6381d790607e3691223e9a6755b395e725698ecad8726a6805d26e306d43754f7040e133,A90,2020-01-01,CRR710863_r2.fq.gz,CRR710863,Env_0090,A90,2020-01-01
V300046953_L04_5_1.fq.gz,EPI_ISL_13052322,2b5b5f49efa328d67aa77d37facb20d8cea5d5f0d2314c7de803107fd5d817b40660874d573a9c5c52a36669d8b41dbe918c4886c8e2198315997da0596f2c92,A101,2020-01-01,CRR710815_f1.fq.gz,CRR710815,Env_0101,A101,2020-01-01
V300046953_L04_5_2.fq.gz,EPI_ISL_13052322,5f14038fa3ba87006171c7a91cb9046e3621fed1858eafb00ae94ef9ce46d6b48fc5af39e9dbdb18886272c411fe4410528df1de8f9a4cc531ea406131c00ba2,A101,2020-01-01,CRR710815_r2.fq.gz,CRR710815,Env_0101,A101,2020-01-01
V300046953_L04_6_1.fq.gz,EPI_ISL_13052335,b1d1903cc9ada50f4d6b86a76168db7efd20edf9b5d097cd88c25f2f54b6760369b3a43103d5ddadf66ff3ea0daeb00f7e3a74d8aa822dc022e6ddeff29178d9,A96,2020-01-01,CRR710867_f1.fq.gz,CRR710867,Env_0096,A96,2020-01-01
V300046953_L04_6_2.fq.gz,EPI_ISL_13052335,7440015b4e408a7d31db2b6453618ea289f70b3e12be4766e2b89131ba6c7f912a469d954091130d94e4e64203eb5b03d7f4795b619b76f2f909a35a9e760959,A96,2020-01-01,CRR710867_r2.fq.gz,CRR710867,Env_0096,A96,2020-01-01
V300046953_L04_7_1.fq.gz,EPI_ISL_13052323,762e7c4d68d50f58cb439a19fbcfcdd400d384cd1794849ef935e5b87b000dcb5aa94a1f87889c13b030591d1deaa4571bf64e59f155c1b8d6bfbce3f0537305,A14,2020-01-01,CRR710819_f1.fq.gz,CRR710819,Env_0014,A14,2020-01-01
V300046953_L04_7_2.fq.gz,EPI_ISL_13052323,5bda38413c1b29ac9332fdd15defa355e469959e732896b1bf80c96d9d458b65e757ed4fd82a103fb717e3fec644a7badc173e7caf94b6e8e0f0db45d2d56951,A14,2020-01-01,CRR710819_r2.fq.gz,CRR710819,Env_0014,A14,2020-01-01
V300046953_L04_8_1.fq.gz,EPI_ISL_13052324,21c9eb6620039e677e0251e3050816b15a6207fb2a0fcb8e3c201473fc4727b00178a5982210ddb4595329175770185db17c68e754d4aa22ce1aa5a24fee971e,A15,2020-01-01,CRR710823_f1.fq.gz,CRR710823,Env_0015,A15,2020-01-01
V300046953_L04_8_2.fq.gz,EPI_ISL_13052324,24e49802d8d456160ebfe89ecf72f6384f6a84d61549636529839c01aae670b59eddd87a83708da6c181b042a21bbc159be56335ee337f99e62461fb4e531566,A15,2020-01-01,CRR710823_r2.fq.gz,CRR710823,Env_0015,A15,2020-01-01
V300052234_L01_10_1.fq.gz,EPI_ISL_13052341,8225c89bc1001a80709475fb9a26bef645f4fa99979a6b4d1890cee0b1d6dc302c33217c8f9ca8a578b2bda489729c767fdc0c72532fca83e28914bf649604bf,E7,2020-01-01,CRR710888_f1.fq.gz,CRR710888,Env_0221,E7,2020-01-01
V300052234_L01_10_2.fq.gz,EPI_ISL_13052341,b2f498450cdb70567021cdf35f73b3eb4b3dab0b0d4fbe5a0682bcc6c8b55ada2ede0c465148b4c97c0b81d1b4b1d2278a04e6ec59689fe1696367f5574e0f89,E7,2020-01-01,CRR710888_r2.fq.gz,CRR710888,Env_0221,E7,2020-01-01
V300052234_L01_11_1.fq.gz,EPI_ISL_13052329,d0c56e4e958666fae408db940c9a09e5cf0ab8859574bfbb72c078504593360f4cde1e5f024b7f81078675046fa521f577571c48bafa25f44008c16b0e301d8e,A55,2020-01-01,CRR710840_f1.fq.gz,CRR710840,Env_0055,A55,2020-01-01
V300052234_L01_11_2.fq.gz,EPI_ISL_13052329,c5692ecb24e9be42f86b1cbc49eeba21a40364bbd466a77dc71b5e761b8b0a31a1eb79039d6954d70108783790c319111a9cbf2b13e7c2dd75e57451a00a7766,A55,2020-01-01,CRR710840_r2.fq.gz,CRR710840,Env_0055,A55,2020-01-01
V300052234_L01_12_1.fq.gz,EPI_ISL_13052328,d663324b5f7189c42e3a6a6e9424def38b0784505b436a45070fe0cc037a49e75aef78b40837185094f54e9ba67de9996da47f4c02e8972ed6b376a08838ec08,A33,2020-01-01,CRR710836_f1.fq.gz,CRR710836,Env_0033,A33,2020-01-01
V300052234_L01_12_2.fq.gz,EPI_ISL_13052328,e92877f633f80f6fb9becf204a08b7a0b6888ca8088bbb5cb0fb8b1165020c25d2631cd3051bf89979aaa4425a007915c1b648c439a47e72a6fa034e62a4e95b,A33,2020-01-01,CRR710836_r2.fq.gz,CRR710836,Env_0033,A33,2020-01-01
V300052234_L01_1_1.fq.gz,EPI_ISL_13052338,f48469330cb62edd900fa60b457fcb78229d9837a0bdecbf96040c054be78e22963d2f4eeaed59460e31bc8fbd049af75d0aeedae82cdeea63dff8cfeac201c9,D32,2020-01-01,CRR710876_f1.fq.gz,CRR710876,Env_0213,D32,2020-01-01
V300052234_L01_1_2.fq.gz,EPI_ISL_13052338,adde330076c005314be725ac1d584c2e6fe7e1dac086b7d932993bb492bd71586c3f246d72f1036401c57d034261bed31d919b511000fbd50bf8d4d8b5eae80b,D32,2020-01-01,CRR710876_r2.fq.gz,CRR710876,Env_0213,D32,2020-01-01
V300052234_L01_22_1.fq.gz,EPI_ISL_13052343,936ba85b9911d62c89c962e07878cf9e2b3072039622d841c980ddcfff16ebd9e295d3f9ca3da7ead5ba31c74f30811107706c8dfdee4113300bff7096e40667,F13,2020-01-01,CRR710896_f1.fq.gz,CRR710896,Env_0313,F13,2020-01-01
V300052234_L01_22_2.fq.gz,EPI_ISL_13052343,7581c32168d28c5329a7d8f162a4396c706d8ea430b94e3805ed2933181e33e0aaf03c4ae4eff7472c4e1e981a858e2bdb7f7060fa96f92d4f176938c07ce3c5,F13,2020-01-01,CRR710896_r2.fq.gz,CRR710896,Env_0313,F13,2020-01-01
V300052234_L01_25_1.fq.gz,EPI_ISL_13052346,65545fac07aa4c886eb0bbb86eef58ce14d5e14cd6e68c9538d668ed66e5fcfcfa66f6d3e57d7b31362858d915de41e9fd398cfc23369c92438a164aec91941e,F98,2020-01-01,CRR710908_f1.fq.gz,CRR710908,Env_0398,F98,2020-01-01
V300052234_L01_25_2.fq.gz,EPI_ISL_13052346,36f741614893fb4757cbebdd2d700009182bd75ede2aec5a442b78d067ce1e15f3306563cb9e39039f58434ec3130a0b234bb5ccca33600363d55fb070ce212a,F98,2020-01-01,CRR710908_r2.fq.gz,CRR710908,Env_0398,F98,2020-01-01
V300052234_L01_2_1.fq.gz,EPI_ISL_13052336,863e3adf6158e19d1b960574e4e47ea2bb98f5938df949759ab2a86e06c4943daff23346ab1b3956f5d567276a5e318aeceebe8d61bcd4a345af6f466f96a3bf,B17,2020-01-01,CRR710868_f1.fq.gz,CRR710868,Env_0138,B17,2020-01-01
V300052234_L01_2_2.fq.gz,EPI_ISL_13052336,e44dbc5b646964b07a449b941245627b8acf157d3294925343459717a1678d3b14bc634bd1c4291a873a2744dd1bdf7dc776220869ddc267952c491dc20d302f,B17,2020-01-01,CRR710868_r2.fq.gz,CRR710868,Env_0138,B17,2020-01-01
V300052234_L01_3_1.fq.gz,EPI_ISL_13052345,176cbcbea2850cdb901789517f9b8f8bb5e0513ff71e6fc8d6413f878dbb86fb7332e021d7a3d204254bd67ec13d2c470a7eb100166d10f15298342b7db495cb,F54,2020-01-01,CRR710904_f1.fq.gz,CRR710904,Env_0354,F54,2020-01-01
V300052234_L01_3_2.fq.gz,EPI_ISL_13052345,e248f19d8e09d68f45c00be5bfdee64729d4172b65ba9d8525643b67a2bda5b3d2163438b535872157d7b5ea5201703846d67ce6888c87afd0c2392f42cb7373,F54,2020-01-01,CRR710904_r2.fq.gz,CRR710904,Env_0354,F54,2020-01-01
V300052234_L01_4_1.fq.gz,EPI_ISL_13052330,1df54cb9ab54876440479cbf2d630c1f5759581223c6a48489e44b2ba21eb729f15c3ec7b19a8a6cd95ddd8135232f88bc47074bfa708892daa3a698ce840335,A61,2020-01-01,CRR710844_f1.fq.gz,CRR710844,Env_0061,A61,2020-01-01
V300052234_L01_4_2.fq.gz,EPI_ISL_13052330,e06bacf69b11a29a0e3f047f8ecf5d14a6817cdc43daf619273992de00bc29d7aaf23b815ec0dae973fba0e2e157d06bd5ad110d97c09666ba7a60ba233ea6ce,A61,2020-01-01,CRR710844_r2.fq.gz,CRR710844,Env_0061,A61,2020-01-01
V300052234_L01_5_1.fq.gz,EPI_ISL_13052327,1d96758af021ff36229560d1bf2725126a196abde294758d55a620d52120cb7f0c79108fb191c36a82474eb2205222ced9324a5911642b12421f96481d9b4698,A20,2020-01-01,CRR710832_f1.fq.gz,CRR710832,Env_0020,A20,2020-01-01
V300052234_L01_5_2.fq.gz,EPI_ISL_13052327,8d7c976258728cba0ddb0f19d81e62621f23acd2321f3b576df77b26d933e56c213ea606b296d80fa774285a17265983c665debfd65e843b919e253d8396c4eb,A20,2020-01-01,CRR710832_r2.fq.gz,CRR710832,Env_0020,A20,2020-01-01
V300052234_L01_6_1.fq.gz,EPI_ISL_13052325,4f38eb5e4dc498b9da2addbe60224789e2c9b67ace3f1583dce31c6fb8c5d1e74283faa86dd88e8904b7308a77ece9134f670327ce7cf7ac0f50e3c383d1c8d5,A18,2020-01-01,CRR710824_f1.fq.gz,CRR710824,Env_0018,A18,2020-01-01
V300052234_L01_6_2.fq.gz,EPI_ISL_13052325,5dc595f97295d6232dae41b74afdd4a06d99748ec566bd77fcc734abfdaa0c87eba95d1d00445b10a53afc50cea77e0f7264e677cea9637dede12991b13aeac0,A18,2020-01-01,CRR710824_r2.fq.gz,CRR710824,Env_0018,A18,2020-01-01
V300052234_L01_7_1.fq,EPI_ISL_13052326,9890929c95a7933108578c500f441aa7f79b94e0257305617ee40fd091b4cf84714ca8cab5ea67326691a1fbeab0b5f2ddf539d3c3a856b5ddb678303913e65c,A2,2020-01-01,CRR710828_f1.fq,CRR710828,Env_0002,A2,2020-01-01
V300052234_L01_7_1.fq.gz,EPI_ISL_13052326,1f43fb53aca13f585ac7bf15ce2c298605f9f859545085c6bfefdd67c3a8ccd1e64789f4f71d7ade913728c80335dc0970660237d9d9e85d85d8516eac28079f,A2,2020-01-01,CRR710828_f1.fq.gz,CRR710828,Env_0002,A2,2020-01-01
V300052234_L01_7_2.fq.gz,EPI_ISL_13052326,48eb123ec37e2544fcea46b47758df82582ab544d8a4e27f2cbfeccb4c81dc2c1f92dc5a2457d36d3b4a0849f315d4f100dbaada5167ccb85d508f3cb36a1378,A2,2020-01-01,CRR710828_r2.fq.gz,CRR710828,Env_0002,A2,2020-01-01
V300052234_L01_8_1.fq.gz,EPI_ISL_13052331,4104ec41979e90603d4667eb990d162ff6bbe7e7c1bfa6616d844133efb39998e3e048c5a194334f13f297d0cdf70f8cf9cb0083024b2f3c7b7dfefd0219bf4a,A63,2020-01-01,CRR710848_f1.fq.gz,CRR710848,Env_0063,A63,2020-01-01
V300052234_L01_8_2.fq.gz,EPI_ISL_13052331,77406df469ea2533e876964c2a7f6dda892eb418e6743b7e585b745590d9a6887913bdcd41c38b9bb40af9a8a459de39104dd9409feb7eaaa1905c468d039d0f,A63,2020-01-01,CRR710848_r2.fq.gz,CRR710848,Env_0063,A63,2020-01-01
V300052234_L02_10_1.fq.gz,EPI_ISL_13052341,7331131d520e50cfefbb6049336ca68d0d5dd4e13f770fbaa9f99a1c992dcb0e2128f2cdf5dc859bc396d1b3cc2ec8dee498bf9b97bfd2403eb9ac38956e86e6,E7,2020-01-01,CRR710889_f1.fq.gz,CRR710889,Env_0221,E7,2020-01-01
V300052234_L02_10_2.fq.gz,EPI_ISL_13052341,8ad39bbe62f19a5b81e30aa03798958702b03ba14f384def34076c3340fcb8fca16b3462bbe1f3f8af9a7b101ec654cf87729aed5a747c0455dfb9332c3c4caa,E7,2020-01-01,CRR710889_r2.fq.gz,CRR710889,Env_0221,E7,2020-01-01
V300052234_L02_11_1.fq.gz,EPI_ISL_13052329,26a26e43b682c07e21760527c2429b19ef7ab1abf5618822f949a2a667717de7c37fa8bee39d416b5fea5440481a1589684b0ee6ef29e43f178430123d8d0b51,A55,2020-01-01,CRR710841_f1.fq.gz,CRR710841,Env_0055,A55,2020-01-01
V300052234_L02_11_2.fq.gz,EPI_ISL_13052329,c17cba6c86713552d9d55ab8ab70becd0603cbc8850da5564ee92baee05122a0faec1e830bad42533892b5dc61da37937ebbbcedac106ce7ce4e5ad465bae354,A55,2020-01-01,CRR710841_r2.fq.gz,CRR710841,Env_0055,A55,2020-01-01
V300052234_L02_12_1.fq.gz,EPI_ISL_13052328,942585a7ae551bd197ccd1bcdc40d9cb5c7c1c790b4163e0bd22844d7efc2cdc62335138d6bccc68fbf205e3288c97ee96a6695f4fa5eefa49b14ca163edb051,A33,2020-01-01,CRR710837_f1.fq.gz,CRR710837,Env_0033,A33,2020-01-01
V300052234_L02_12_2.fq.gz,EPI_ISL_13052328,45cb2b26f36d46e5bc45f5e06c8fbaa5bfd7c4883237b1d51f83899b85a382829e1ce40d6db18f6944ad670ed8986af68ca0cb3ce430863658a437e5b860d8c4,A33,2020-01-01,CRR710837_r2.fq.gz,CRR710837,Env_0033,A33,2020-01-01
V300052234_L02_1_1.fq.gz,EPI_ISL_13052338,887750a5ba1f9f0b779beefed452d362107be15585bd7d10b73344f5dfb71d37f06a25de2be9fa12b1feda6974b9883340e2fab12ea606957a26113729fd59d6,D32,2020-01-01,CRR710877_f1.fq.gz,CRR710877,Env_0213,D32,2020-01-01
V300052234_L02_1_2.fq.gz,EPI_ISL_13052338,5d9ef69f56255e4a0de73eaa27abcce50ca009a2ee8ea7daac596819559ed379ef8646294d229cd945247e037d04c783d8465225b57b42f96fff2e8aa2235eec,D32,2020-01-01,CRR710877_r2.fq.gz,CRR710877,Env_0213,D32,2020-01-01
V300052234_L02_22_1.fq.gz,EPI_ISL_13052343,361215a118fb2c795c61ac04257c8d35b461a9dda0079788e7d5b41c47804c2e4e9e1af71141ec54bc73192dfdecd6f0dd9ba225f8137085220d1e0b7117ceb1,F13,2020-01-01,CRR710897_f1.fq.gz,CRR710897,Env_0313,F13,2020-01-01
V300052234_L02_22_2.fq.gz,EPI_ISL_13052343,ced11eec343f5349c35512c560688024fc2e43100bbb200d1ad8509447ffc7aa48ba38b5390121b49ddb102d3fa6db4412595a7c88c9bcc03c0702d4de75bb7a,F13,2020-01-01,CRR710897_r2.fq.gz,CRR710897,Env_0313,F13,2020-01-01
V300052234_L02_25_1.fq.gz,EPI_ISL_13052346,d820643578609e8c2fa4b0f433e9d58ce15d44c56a0a8fe80cf331414306fe98f996fadb148d763012bc9ca349734b76cd336545c4a6588a0b5ef4f825831b49,F98,2020-01-01,CRR710909_f1.fq.gz,CRR710909,Env_0398,F98,2020-01-01
V300052234_L02_25_2.fq.gz,EPI_ISL_13052346,114cf007c758f261ed40a92179ff4499bd151157b9e53bde691ca1f7868b38313410892e3d9fa421b6d893dd1444dfa3152f1a592f7d74429176c4f16c3f5d23,F98,2020-01-01,CRR710909_r2.fq.gz,CRR710909,Env_0398,F98,2020-01-01
V300052234_L02_2_1.fq.gz,EPI_ISL_13052336,bf1a69241d96956eb4d3c44d5afd714c5d1bd0c5d37ed3c2764b1ec28f42df15dd2112b5114b748f91f239e08105d4ba6c632356a4f63c3e09a2b0090adee51d,B17,2020-01-01,CRR710869_f1.fq.gz,CRR710869,Env_0138,B17,2020-01-01
V300052234_L02_2_2.fq.gz,EPI_ISL_13052336,f7e4b3753df46f1c03a8660b6855e54601ef30fb7cf90cbd9e471e020abb0e5231d616f86d405f3620ddeed4edab4881df4a0661fbf8e47269b65ff5571e1468,B17,2020-01-01,CRR710869_r2.fq.gz,CRR710869,Env_0138,B17,2020-01-01
V300052234_L02_3_1.fq.gz,EPI_ISL_13052345,fabd05e460cbcc21a43deeac3d5d6eb8e107dbc66d2c2d3770f2f946964176d86cc218a583753ba559ccc5163f77dca46e5abf3fdd63e454903f1e9065de2f5e,F54,2020-01-01,CRR710905_f1.fq.gz,CRR710905,Env_0354,F54,2020-01-01
V300052234_L02_3_2.fq.gz,EPI_ISL_13052345,0984a2f5649e66a74799e8bcd5a8f2d1df47ea7b9a7ca1a189375bd9d7ada5cc92b5ecbde66b35ad65ff198c2e43f6e7d2ae4f99aab3e94b729c86f8e7136959,F54,2020-01-01,CRR710905_r2.fq.gz,CRR710905,Env_0354,F54,2020-01-01
V300052234_L02_4_1.fq.gz,EPI_ISL_13052330,cd099e846307dd0902f3b4b1923cf55d258c644ac8beb4fc9328698a21ce7438a1a4a639c609f4f3eb9e1ae5eccbaa60dcdcb19a8304f69dbda8bfddf62dc526,A61,2020-01-01,CRR710845_f1.fq.gz,CRR710845,Env_0061,A61,2020-01-01
V300052234_L02_4_2.fq.gz,EPI_ISL_13052330,48776e11915320155d449b116de344c26c58282231101dde51bdc0264901c3bace0a6ab88af1495e90a0efc29a07f0ee3b4e23060ecc0b2d076ffa8a99d79d50,A61,2020-01-01,CRR710845_r2.fq.gz,CRR710845,Env_0061,A61,2020-01-01
V300052234_L02_5_1.fq.gz,EPI_ISL_13052327,ac85a0919f8d46db0d17abbd431cb97fe26dfbe5dad3d46b00961c89fcecc3eaf38f9e27188ad9723954ebda56eea7c5ef68c053e753a83dbddadc2aab190c1a,A20,2020-01-01,CRR710833_f1.fq.gz,CRR710833,Env_0020,A20,2020-01-01
V300052234_L02_5_2.fq.gz,EPI_ISL_13052327,a14425239e9253ba6fbae684cfee0d2edfe616cdfa5054f3adf098c6c25e80f868414e6030e8b3a4e5ca79992d0c361bdfe121bd42622940377450c62320d49f,A20,2020-01-01,CRR710833_r2.fq.gz,CRR710833,Env_0020,A20,2020-01-01
V300052234_L02_6_1.fq.gz,EPI_ISL_13052325,d0f2994cbfe882d585c609aa29f2c7f2a5134eaa72b390f920324ee1c8f5c18f84905f9f5fcd5d14d4bb96263ae238ed8aedf4228bdeb1b2505320319d63a974,A18,2020-01-01,CRR710825_f1.fq.gz,CRR710825,Env_0018,A18,2020-01-01
V300052234_L02_6_2.fq.gz,EPI_ISL_13052325,7d7b6ab716b13f8593c4025577cb71c7952691a03fbff3db9de69e4147aee4dad5a30bfa1fa87455a78b4bd48cd31625855d1274a2a7cc284dcb8bc74f79bd2e,A18,2020-01-01,CRR710825_r2.fq.gz,CRR710825,Env_0018,A18,2020-01-01
V300052234_L02_7_1.fq.gz,EPI_ISL_13052326,9fd82d45c45eb4d5534b7db80291790e2db6bb5e0d7162e6e1a8cf1d7e09a02acaa1968ffabedc2d77bb2599b72bc11746a64161e748359d1c6007c278ed0856,A2,2020-01-01,CRR710829_f1.fq.gz,CRR710829,Env_0002,A2,2020-01-01
V300052234_L02_7_2.fq.gz,EPI_ISL_13052326,29a35dfbbf2f7328c0db96118f0f831c505a24a6fc1c4be269914338d4c08a7a050163b19839f803fe80bbb5a74cece4f6308061d51ad8782da9ef0a61fb89ee,A2,2020-01-01,CRR710829_r2.fq.gz,CRR710829,Env_0002,A2,2020-01-01
V300052234_L02_8_1.fq.gz,EPI_ISL_13052331,e2885976a6faf48623b3f296e57674b02be1eea0813e8502656c5af735b6239053d9977f0d117ec01cc4bc4c9b8056d6989889c5e99806bc59c389f9d9b72063,A63,2020-01-01,CRR710849_f1.fq.gz,CRR710849,Env_0063,A63,2020-01-01
V300052234_L02_8_2.fq.gz,EPI_ISL_13052331,a66cc99ffaa499b3cd21d7a92d68040e78ebd2ae14a351c1fda3b651b845353c6745f0177bf7828ac8703a96bbfe83532c83f7d7545cbdba1108a1dd60f00d06,A63,2020-01-01,CRR710849_r2.fq.gz,CRR710849,Env_0063,A63,2020-01-01
V300052234_L03_10_1.fq.gz,EPI_ISL_13052341,3f407696e3e268fab3d6298a95035a1f33b3272bfd7e6582841cb783983b04956d6a65695bfa8d9a8137ede96f40cb79f8a5b5042fb813805b9d31e7d25bfd78,E7,2020-01-01,CRR710890_f1.fq.gz,CRR710890,Env_0221,E7,2020-01-01
V300052234_L03_10_2.fq.gz,EPI_ISL_13052341,75d28f557d98abd15d807eee1b860a60d6f0ec42908a93e692c3dedcdd1e1a4af35d5719f1e68fc1cd9f385050ad999eb434fe3fe6c83935c899a89a7bd86726,E7,2020-01-01,CRR710890_r2.fq.gz,CRR710890,Env_0221,E7,2020-01-01
V300052234_L03_12_1.fq.gz,EPI_ISL_13052328,d61e0408f1e3205d08be0817d09ab9dda6402e1c7bef98a611c36c654c79e5af7c3e0c47fa0f8b639f3e6541318a3157be67ecf7ed3061dd592be67894f287d0,A33,2020-01-01,CRR710838_f1.fq.gz,CRR710838,Env_0033,A33,2020-01-01
V300052234_L03_12_2.fq.gz,EPI_ISL_13052328,6d72c0d9eb3759e70677a157bf634dbdbedfecaa669939a8367c87d10e04d94eb231d3a152eaf3b2d40d28be8e399683a0fea5c429ba0febe998ffcd91fac668,A33,2020-01-01,CRR710838_r2.fq.gz,CRR710838,Env_0033,A33,2020-01-01
V300052234_L03_1_1.fq.gz,EPI_ISL_13052338,8912fc4c55be277a5741cc1a2c3bcfc78359c349380e8d2f978780852d241675d24c6a62b1f092716b7462f4f2491b0bd6d679a3b0ebf3285e7737cdc0069a1e,D32,2020-01-01,CRR710878_f1.fq.gz,CRR710878,Env_0213,D32,2020-01-01
V300052234_L03_1_2.fq.gz,EPI_ISL_13052338,e65de1e847f4ecbef302730cebc317509fb214a9f83c55c5d41401d8afaa1fe1f6e3e0fb5eee8e2815a36874ba5b1bd35e8d5031d528b9ab4083b43945459360,D32,2020-01-01,CRR710878_r2.fq.gz,CRR710878,Env_0213,D32,2020-01-01
V300052234_L03_22_1.fq.gz,EPI_ISL_13052343,2624ed41f56464fb2d65e0b4d0c9f901fb658ef16df2facf37d425a954d332d835d4045d735688882eb07cf3e506278c9ffda921414ecdbe6b87a984b09e66a3,F13,2020-01-01,CRR710898_f1.fq.gz,CRR710898,Env_0313,F13,2020-01-01
V300052234_L03_22_2.fq.gz,EPI_ISL_13052343,3a6ae8ae4669485f8cc580df1129c46e3eb98836252cb9657475e65675c1e6462fa67e57976574e5dfcb69ca2866727902eaca1d9a9bb0e3138bb297a39a7892,F13,2020-01-01,CRR710898_r2.fq.gz,CRR710898,Env_0313,F13,2020-01-01
V300052234_L03_25_1.fq.gz,EPI_ISL_13052346,9884ab7323f5be016d27e0492c24a970b7a1ea699e8c6530c520dd9d609cb99f59cafe515f938b04328761ec681a01e045ba9ad40c81cc9db3307672b622caf2,F98,2020-01-01,CRR710910_f1.fq.gz,CRR710910,Env_0398,F98,2020-01-01
V300052234_L03_25_2.fq.gz,EPI_ISL_13052346,880a22ef95f64945c2d2e00350cf643a7a2f43fe2e8009c0ab3e9337c86bca3a21d598bacaa377e9cddee273f45fcbb5e9ca56cf04b1636212ff2341e17de3af,F98,2020-01-01,CRR710910_r2.fq.gz,CRR710910,Env_0398,F98,2020-01-01
V300052234_L03_2_1.fq.gz,EPI_ISL_13052336,4aae6923ce7f1d33cfe5978a89731aa23eb2bedc2614213de6b38a845f32b996394e33ce51fcdf6f7191e96fd3a85f190dfb001834242af040a5ca2ec90b6ae1,B17,2020-01-01,CRR710870_f1.fq.gz,CRR710870,Env_0138,B17,2020-01-01
V300052234_L03_2_2.fq.gz,EPI_ISL_13052336,c5430c72efdd00ddf7ed383f950104d88ec1c15b60fcad91b482b5a8150ee6f8f6b2dfeb3a84843c764d1ab7512ca2a250f63691eaa5e8b4f179a52976f00c7b,B17,2020-01-01,CRR710870_r2.fq.gz,CRR710870,Env_0138,B17,2020-01-01
V300052234_L03_3_1.fq.gz,EPI_ISL_13052345,6c67e2aa2756aeb810f53394f985d510b7ee84c925bef81107ef4331eb04df5e7ac86e15d5a2173a0d0f1488a481f5176f34e0be9adfd18e94ef66abeda3ab3a,F54,2020-01-01,CRR710906_f1.fq.gz,CRR710906,Env_0354,F54,2020-01-01
V300052234_L03_3_2.fq.gz,EPI_ISL_13052345,1edf25345cb586672fe68e3635ee806dce3c93cdad1637a62a9d01208c5cfb42d6a6c262a77be0b1fb0b1aa39fbbd9268106e12225efec9835212e1813c4c5a7,F54,2020-01-01,CRR710906_r2.fq.gz,CRR710906,Env_0354,F54,2020-01-01
V300052234_L03_4_1.fq.gz,EPI_ISL_13052330,0fafd7a7ce597f139a25157aa870558c9f55e0136e7fa2e50df2aca32f561615c635ff5a6bcc4e3182690712b38ec4e4bd78b3e000dbbcf60e12c9232b5b4e15,A61,2020-01-01,CRR710846_f1.fq.gz,CRR710846,Env_0061,A61,2020-01-01
V300052234_L03_4_2.fq.gz,EPI_ISL_13052330,23cce74c0086c16f8e9c7018513636f9cfb3c06049d560090d50c753fc2329b7963f664d57652d897b9697f6cdcdae241b106d71dfa9b501ced4aa5980fe9600,A61,2020-01-01,CRR710846_r2.fq.gz,CRR710846,Env_0061,A61,2020-01-01
V300052234_L03_5_1.fq.gz,EPI_ISL_13052327,c24f595ab0ad4a0a5ec47bc7776025906cfb1149477ebbcc7fb748fa7b9271654ebdb4d31cdd2cba1f8471ab97f71a566468b378889cdc1a1b40de6dd59d6617,A20,2020-01-01,CRR710834_f1.fq.gz,CRR710834,Env_0020,A20,2020-01-01
V300052234_L03_5_2.fq.gz,EPI_ISL_13052327,75a53870688fefe7806431fdec2b0cc2ecab619aee1fb981ca214f2db5d2fe4fd93130183a5f85e66c1aa4bd348ecf923f87c142a4c17fe12d2e15402b07046c,A20,2020-01-01,CRR710834_r2.fq.gz,CRR710834,Env_0020,A20,2020-01-01
V300052234_L03_6_1.fq.gz,EPI_ISL_13052325,b2c4b1045bf935e492b3b7044193e7b375ee16d2c1006ee282aac435d110e16729b69566644d0b8f8028fb5b66481a1708c1fb8b41d600561599241cc0c0dc48,A18,2020-01-01,CRR710826_f1.fq.gz,CRR710826,Env_0018,A18,2020-01-01
V300052234_L03_6_2.fq.gz,EPI_ISL_13052325,b00f06a4acfe7d8872e838a0ec19b1185b962acd43b68c626a6dafb4addd9c80ae69bf52b3f886058f68e04548b0b4d9333d7a1df7629f0a6a058946b0e6d50b,A18,2020-01-01,CRR710826_r2.fq.gz,CRR710826,Env_0018,A18,2020-01-01
V300052234_L03_7_1.fq.gz,EPI_ISL_13052326,77c2dc056c521e7bf73037f2826364177a4634520f24c8ad8f135410308194bce995aed3583af207a42994c43cdea7f6d7e892125e17f8bc0f845bb8ec2faac3,A2,2020-01-01,CRR710830_f1.fq.gz,CRR710830,Env_0002,A2,2020-01-01
V300052234_L03_7_2.fq.gz,EPI_ISL_13052326,24384aaa799907d8fb875d34fef0c12eeaefb604d4338f1e340b1e12e27a82d1ffe12f30f41a5f1d6f2f80ce868a773f364c55ac35ada07ffc03b671c8097b59,A2,2020-01-01,CRR710830_r2.fq.gz,CRR710830,Env_0002,A2,2020-01-01
V300052234_L03_8_1.fq.gz,EPI_ISL_13052331,ef78e221416e7dd2cedbf83191b359f566728f091ee40a56d90af78dadf9a4304ae2e766895cda8eb18da5c8d6b8617156c81cee9a95798a66be0e41124c9752,A63,2020-01-01,CRR710850_f1.fq.gz,CRR710850,Env_0063,A63,2020-01-01
V300052234_L03_8_2.fq.gz,EPI_ISL_13052331,dcff45421f07fc928c472b37bca91b908e2713400dadc0f2e172259e003476f44218f1d9ec2b5efdcac6e2e7b2fc5b02e183959cc51cde24eceef57a92605470,A63,2020-01-01,CRR710850_r2.fq.gz,CRR710850,Env_0063,A63,2020-01-01
V300052234_L04_10_1.fq.gz,EPI_ISL_13052341,0c73d368f25af807d03144912d8706e3a1f5d6c40d174b9605b0c8d142bdff79a47e47596c872b54a22e81b744266fff975af8ce8bf21db1d47e8147cccdb419,E7,2020-01-01,CRR710891_f1.fq.gz,CRR710891,Env_0221,E7,2020-01-01
V300052234_L04_10_2.fq.gz,EPI_ISL_13052341,ad3a5bfd68ca191810e963445121f5104e3e9f1710e147a3b2a179ef812228555bdc337c49cd3b7afb4978bbbfcf61e5235ec83664e3e58afb268f1a7ce215bc,E7,2020-01-01,CRR710891_r2.fq.gz,CRR710891,Env_0221,E7,2020-01-01
V300052234_L04_12_1.fq.gz,EPI_ISL_13052328,d8e75b67c7b6edcb7b2edcbb0547bd90b7af10ffb88d0d775bf7ca919e7316f5ebf1301ea8707cbdfca20f7ef6a0b1637791cabc47c484a550dad96c234d7d0d,A33,2020-01-01,CRR710839_f1.fq.gz,CRR710839,Env_0033,A33,2020-01-01
V300052234_L04_12_2.fq.gz,EPI_ISL_13052328,e4ee2b5e2fac4872d1e616e990883cafd459b6394362f4ac3eb30d4ad828e8176f022dd2dec38e7ddab929322a2db4c3d9d0f3848b1a59f65a770b14e93ac0ab,A33,2020-01-01,CRR710839_r2.fq.gz,CRR710839,Env_0033,A33,2020-01-01
V300052234_L04_1_1.fq.gz,EPI_ISL_13052338,d214cf3ba0d74cd472f8d84adb1d2d7927cc9d81b41b72ac85bcadb3e943c96afb5fc1e4fecec4be1e68d192db3876041b126f0a6383e0592fc97ddef1af176a,D32,2020-01-01,CRR710879_f1.fq.gz,CRR710879,Env_0213,D32,2020-01-01
V300052234_L04_1_2.fq.gz,EPI_ISL_13052338,cb119cf3476bc29bd46829356cac2909c2425493fbfd1a2546eb9b8ed2d06ed1d8fc970910300a7424462d9aefef072e9a593b8daba1de2460dd5b6ef20fcdce,D32,2020-01-01,CRR710879_r2.fq.gz,CRR710879,Env_0213,D32,2020-01-01
V300052234_L04_22_1.fq.gz,EPI_ISL_13052343,49b6c90703a237eb9c0ba1c6a8cd0e7e4681abd7a2b9fb39a876460fcdce7af1ac0014ebea0231e9c1802e04bf865a8ee6ea52b0fccc3ee73b6c01796c31b8c5,F13,2020-01-01,CRR710899_f1.fq.gz,CRR710899,Env_0313,F13,2020-01-01
V300052234_L04_22_2.fq.gz,EPI_ISL_13052343,4c686222777aa0636faa5f0b267b59ded5aec654eb7a487b9c9c37b4e884435b7e69835f390e96dd4be85dcc130403e437f399da0d94f6e9ca353facf71a694d,F13,2020-01-01,CRR710899_r2.fq.gz,CRR710899,Env_0313,F13,2020-01-01
V300052234_L04_25_1.fq.gz,EPI_ISL_13052346,ec7238b234a301f1799e3b5222cd7abcec438d02f845a3f8d2f0ac623cfba2742d03d52ac15236c7f3fe34e71d1b84426efbe15b0a951fdc308ca0cea236dcd2,F98,2020-01-01,CRR710911_f1.fq.gz,CRR710911,Env_0398,F98,2020-01-01
V300052234_L04_25_2.fq.gz,EPI_ISL_13052346,fc13e27c9ffd391d813479400ec3054c8a75ef32d9a449e7dabb8cb0acffb109cd30e5001a2e82a7850bcd5161ac85107c8a38993ff23499f424b782731d67b1,F98,2020-01-01,CRR710911_r2.fq.gz,CRR710911,Env_0398,F98,2020-01-01
V300052234_L04_2_1.fq.gz,EPI_ISL_13052336,265451459408acbd31d44b8eaa4b138d3e94aff41716d196d718efb9a1b44726b10b17704474f3d8844829b73d79db0f7b709184f2c85c428559b0a742a1a9f0,B17,2020-01-01,CRR710871_f1.fq.gz,CRR710871,Env_0138,B17,2020-01-01
V300052234_L04_2_2.fq.gz,EPI_ISL_13052336,9c9770b55e3c253bb642e8f11d6aad279c48793ba7ae989dc03026ab382c072751e20ae70e4d09b669cfbeb2795f528c622e5ce616684e7c41f97f01ed05e62c,B17,2020-01-01,CRR710871_r2.fq.gz,CRR710871,Env_0138,B17,2020-01-01
V300052234_L04_3_1.fq.gz,EPI_ISL_13052345,05e5a12559e4ce7e92b0fd3fd9283af400b6d0a89a685f8ac6abc9fd320e231eed44e1b35ce3d9d55490f6ca8772b1a7b9914ab0e62d2b6c6213f583200c3e8d,F54,2020-01-01,CRR710907_f1.fq.gz,CRR710907,Env_0354,F54,2020-01-01
V300052234_L04_3_2.fq.gz,EPI_ISL_13052345,63f25d27f370c64e242a89d0191c9c0a972ae62bc08b2cdb55b87d0febf7343edab5448b538b942fdb171fa3102768fd2fd12b643e838527b40aa2bdf608bee5,F54,2020-01-01,CRR710907_r2.fq.gz,CRR710907,Env_0354,F54,2020-01-01
V300052234_L04_4_1.fq.gz,EPI_ISL_13052330,7ba03aa573e2c97a4c9fb175b56fe3a156cb6fb353044fd70d54a40664681c625a156d9a3b8a767d4d723865cff4a00ad968d78838f3e74832082b15b4f0626a,A61,2020-01-01,CRR710847_f1.fq.gz,CRR710847,Env_0061,A61,2020-01-01
V300052234_L04_4_2.fq.gz,EPI_ISL_13052330,e594cd5425cb88cf13546ac4a36df2b9966de99e9e809ffa54c8891123d9ada84669401919a241cbec6cb0e2ca760b0886bdde46a5d5d409705e1d644cefd918,A61,2020-01-01,CRR710847_r2.fq.gz,CRR710847,Env_0061,A61,2020-01-01
V300052234_L04_5_1.fq.gz,EPI_ISL_13052327,bd681204079aa3d9cb06794f0a4335e5b09d9c0ab7363d42a663f2bd4625971b610ae6b870397a519b65500b84c5dc480921f69fa1c234ebe2563b5896afa5c6,A20,2020-01-01,CRR710835_f1.fq.gz,CRR710835,Env_0020,A20,2020-01-01
V300052234_L04_5_2.fq.gz,EPI_ISL_13052327,fd89e8017259d2438bb5065e1d09177f2830e299ffd3eb2618f82877d8044bd2e3da54b0af3f5c36b612a1c836acf74fdbaa632137a71ddc268d17a23980a63f,A20,2020-01-01,CRR710835_r2.fq.gz,CRR710835,Env_0020,A20,2020-01-01
V300052234_L04_6_1.fq.gz,EPI_ISL_13052325,c9c393022058628987d35540ad20689b14652a8b0fa88af2d818867162e3960dded4c892ab01d2c092b73c2722ef1d304ea1368eeec94d8264016dfe9519afb6,A18,2020-01-01,CRR710827_f1.fq.gz,CRR710827,Env_0018,A18,2020-01-01
V300052234_L04_6_2.fq.gz,EPI_ISL_13052325,0c3030a5d5e3006123334b20bdb3ca5dcbd136e567c799db58318eeb6711d058ab218e82bf8eb79b85261d7c956d66b50a4180aa7b938eb6a3512ed166d708b5,A18,2020-01-01,CRR710827_r2.fq.gz,CRR710827,Env_0018,A18,2020-01-01
V300052234_L04_7_1.fq.gz,EPI_ISL_13052326,caad789b461ef00774fe8e47b1ccd9e352b569934cf4fcbb4d6ca625567e763a56a75b3cd597aa1ae2c70720712f77497965e30e0985ecd588fa8ce36fc88a47,A2,2020-01-01,CRR710831_f1.fq.gz,CRR710831,Env_0002,A2,2020-01-01
V300052234_L04_7_2.fq.gz,EPI_ISL_13052326,1bc7df131c17fb6c8c808d50c63139bc98ce5353ec23e79dab73a921f51ae41d871aefcccc35829971c91674d0c654c178edc5d35e507e82b3be99f818012556,A2,2020-01-01,CRR710831_r2.fq.gz,CRR710831,Env_0002,A2,2020-01-01
V300052234_L04_8_1.fq.gz,EPI_ISL_13052331,bc544af1a4f58bcab31339b191c499a8365492efa39a56db9086efe75f61d05bd02557697502a9436a89d8a9b8cd5d623eea323a9095eb6296d89afd8cd99bad,A63,2020-01-01,CRR710851_f1.fq.gz,CRR710851,Env_0063,A63,2020-01-01
V300052234_L04_8_2.fq.gz,EPI_ISL_13052331,5da65e6e93e52fd1866c15df709b2f4c781d17aea967a4ae219f3f6f9233668e8870380450b728bf4b1a9a7159e14eda705d4177fe1220410c52fbaf0ea230d8,A63,2020-01-01,CRR710851_r2.fq.gz,CRR710851,Env_0063,A63,2020-01-01
